{"cameraMode":{"drawMode":0,"name":"Shaded","section":"Shading Mode"},"sceneLighting":true,"audioPlay":false,"sceneViewState":{"showFog":true,"showMaterialUpdate":false,"showSkybox":true,"showFlares":true,"showImageEffects":true,"showParticleSystems":true},"in2DMode":false,"pivot":{"x":4.9494524002075199,"y":-3.3476805686950685,"z":-1.10203218460083},"rotation":{"x":-0.07361305505037308,"y":0.9258725643157959,"z":-0.2776133418083191,"w":-0.24550823867321015},"size":8.7098388671875,"orthographic":false}